name,gameid,minplayers,maxplayers,maxplaytime,minplaytime,yearpublished,category
12 Days,G001,3,5,15,15,2011,Party
5-Minute Marvel,G002,2,5,5,5,2018,Cooperative
7 Wonders,G003,2,7,30,30,2010,Strategy
7 Wonders Duel,G004,2,2,30,30,2015,Strategy
7 Wonders: Architects,G005,2,7,25,25,2021,Family
Aargh!,G006,2,4,20,20,2005,Party
Abalone,G007,2,2,30,30,1987,Abstract
Abandon All Artichokes,G008,2,4,20,20,2020,Card Game
Abyss,G009,2,4,60,30,2014,Strategy
Acquire,G010,2,6,90,90,1963,Economic
Adventure Land,G011,2,4,45,45,2015,Family
The Adventurers: The Temple of Chac,G012,2,6,45,45,2009,Adventure
Aeon's End: War Eternal,G013,1,4,60,60,2017,Cooperative
Africana,G014,2,4,60,60,2012,Adventure
Airlines Europe,G015,2,5,75,75,2011,Economic
Akropolis,G016,1,4,30,20,2022,Abstract
Akrotiri,G017,2,2,45,45,2014,Abstract
Aladdin's Dragons,G018,3,5,90,60,2000,Family
Alchemists,G019,2,4,120,120,2014,Strategy
Alea Iacta Est,G020,2,5,60,60,2009,Strategy
Alhambra,G021,2,6,60,45,2003,Strategy
Alien Frontiers,G022,2,4,90,90,2010,Strategy
Among the Stars,G023,2,4,30,30,2012,Strategy
Das Amulett,G024,3,6,60,60,2001,Family
Anima: Shadow of Omega,G025,2,5,60,60,2006,Strategy
Animals on Board,G026,2,4,30,15,2016,Family
Anomia,G027,3,6,30,30,2010,Party
Apples to Apples,G028,4,10,30,20,1999,Party
Arboretum,G029,2,4,30,30,2015,Strategy
Arcane Academy,G030,2,4,45,30,2016,Strategy
Archaeology: The Card Game,G031,2,4,20,20,2007,Family
Archaeology: The New Expedition,G032,2,5,30,20,2016,Family
Architects of the West Kingdom,G033,1,5,80,60,2018,Strategy
Arena: Roma II,G034,2,2,45,30,2009,Strategy
"Artifacts, Inc.",G035,2,4,60,60,2014,Strategy
Asante,G036,2,2,40,40,2013,Strategy
Ascension: Storm of Souls,G037,1,4,30,30,2011,Deck-Building
At the Gates of Loyang,G038,1,4,120,60,2009,Strategy
Atlantis Rising,G039,2,6,90,30,2012,Cooperative
Automania,G040,2,4,90,60,2015,Strategy
Azul,G041,2,4,45,30,2017,Abstract
Bacchus' Banquet,G042,3,5,30,30,2008,Party
Back to the Future: Back in Time,G043,2,4,50,50,2020,Cooperative
Bad Company,G044,1,6,30,30,2021,Strategy
Bag of Chips,G045,2,5,20,15,2021,Party
Bandido,G046,1,4,15,10,2016,Cooperative
BANG!,G047,4,7,40,20,2002,Party
BANG! The Dice Game,G048,3,8,15,15,2013,Party
BANG! The Dice Game,G049,3,8,15,15,2013,Party
Barbarossa,G050,3,4,60,60,1988,Strategy
Bargain Quest,G051,2,6,60,30,2017,Strategy
BasketBoss,G052,2,5,50,50,2009,Family
Battle Line,G053,2,2,30,30,2000,Strategy
Battle Merchants,G054,2,4,120,120,2014,Strategy
BattleCON: Fate of Indines,G055,2,2,60,30,2015,Strategy
Beasty Bar,G056,2,4,20,20,2014,Party
Beer!,G057,2,6,0,0,2001,Party
Belratti,G058,3,7,25,25,2018,Party
Betrayal at House on the Hill,G059,3,6,60,60,2004,Party
Between Two Cities,G060,1,7,25,25,2015,Strategy
Biblios,G061,2,4,30,30,2007,Strategy
Black Friday,G062,2,5,55,55,2010,Economic
Blokus,G063,2,4,20,20,2000,Abstract
Blood Bound,G064,6,12,30,30,2013,Party
Blood Rage,G065,2,4,90,60,2015,Strategy
Bloodborne: The Card Game,G066,3,5,45,30,2016,Card Game
The Bloody Inn,G067,1,4,60,30,2015,Strategy
Blueprints,G068,2,4,30,30,2013,Strategy
Blueprints,G069,2,4,30,30,2013,Strategy
Boggle,G070,1,8,10,10,1972,Party
Bohnanza,G071,2,7,45,45,1997,Card Game
Bomb Busters,G072,2,5,30,30,2024,Cooperative
Boss Monster: The Dungeon Building Card Game,G073,2,4,30,30,2013,Strategy
Bosworth,G074,2,4,60,60,1998,Strategy
Botswana,G075,2,5,30,20,1994,Strategy
Brass: Birmingham,G076,2,4,120,60,2018,Party
Bridge Troll,G077,3,6,45,45,2009,Strategy
Broom Service,G078,2,5,75,30,2015,Strategy
Bruges,G079,2,4,60,60,2013,Party
Brynk,G080,2,99,30,15,2016,Family
Buccaneer Bones,G081,1,4,15,15,2013,Strategy
Bunny Kingdom,G082,2,4,60,40,2017,Party
"But Wait, There's More!",G083,3,10,30,30,2011,Party
Butterfly Garden,G084,2,4,30,30,2012,Party
BuyWord,G085,1,4,45,45,2004,Party
Ca$h 'n Gun$,G086,4,6,30,30,2005,Family
Ca$h 'n Gun$: Live,G087,8,20,30,30,2007,Party
Camel Up,G088,2,8,30,20,2014,Party
Can't Stop,G089,2,4,30,30,1980,Strategy
The Capitals,G090,2,5,120,120,2013,Strategy
Captain Sonar,G091,2,8,60,45,2016,Family
Carcassonne,G092,2,5,45,30,2000,Family
Carcassonne,G093,2,5,45,30,2000,Strategy
The Card Game of Oz,G094,1,4,20,20,2014,Strategy
Cartographers,G095,1,100,45,30,2019,Family
Cascadia,G096,1,4,45,30,2021,Strategy
Castell,G097,2,4,90,60,2018,Family
Castle Combo,G098,2,5,25,10,2024,Strategy
Castle Dice,G099,1,4,45,45,2013,Strategy
Castle Panic,G100,1,6,60,30,2009,Cooperative
The Castles of Burgundy,G101,2,4,90,30,2011,Strategy
Castles of Mad King Ludwig,G102,1,4,90,90,2014,Strategy
Cat Packs,G103,1,4,45,30,2024,Party
Caylus,G104,2,5,150,60,2005,Strategy
Century: Golem Edition,G105,2,5,45,30,2017,Strategy
Challengers!,G106,1,8,45,45,2022,Strategy
The Chameleon,G107,3,8,15,15,2017,Party
Chateau Roquefort,G108,2,4,30,30,2007,Family
Chimera Station,G109,2,4,90,60,2017,Strategy
Chinese Checkers,G110,2,6,30,30,1893,Abstract
Chronicles of Crime: 1400,G111,1,4,90,60,2020,Cooperative
Chronicles of Crime: 1900,G112,1,4,90,60,2021,Cooperative
Cinque Terre,G113,2,5,60,60,2013,Strategy
Citadels,G114,2,8,60,20,2000,Strategy
Citadels,G115,2,8,60,20,2000,Strategy
Clank!: A Deck-Building Adventure,G116,2,4,60,30,2016,Strategy
Clans of Caledonia,G117,1,4,120,30,2017,Strategy
Clue: The Card Game,G118,3,5,45,45,2002,Card Game
Cockroach Poker Royal,G119,2,6,25,15,2012,Party
Codenames,G120,2,8,15,15,2015,Party
Coimbra,G121,2,4,90,60,2018,Strategy
Coin & Crown,G122,1,4,60,45,2018,Strategy
Colony,G123,1,4,60,45,2016,Strategy
Colt Express,G124,2,6,40,40,2014,Party
Concept,G125,4,12,40,40,2013,Party
Concordia,G126,2,5,100,100,2013,Strategy
Connect Four,G127,2,2,10,10,1974,Abstract
Copycat,G128,2,4,95,95,2012,Party
Cottage Garden,G129,1,4,60,60,2016,Family
Council of Verona (Second Edition),G130,2,5,20,20,2014,Strategy
Coup,G131,2,6,15,15,2012,Party
Coup: Rebellion G54,G132,3,6,15,15,2014,Party
Courtier,G133,2,4,45,45,2012,Strategy
Cranium,G134,4,99,60,60,1998,Party
Creature Caravan,G135,1,4,90,60,2024,Party
Creature Comforts,G136,1,5,45,45,2022,Strategy
Cretaceous Rails,G137,1,4,120,30,2025,Strategy
The Crew: The Quest for Planet Nine,G138,2,5,20,20,2019,Cooperative
Crossfire,G139,5,10,10,5,2017,Party
Crusaders: Thy Will Be Done,G140,2,4,60,40,2018,Strategy
Cuckoo Zoo,G141,2,10,20,20,2002,Family
Cutthroat Caverns,G142,3,6,90,90,2007,Party
CV,G143,2,4,60,60,2013,Strategy
Dairyman,G144,2,4,30,20,2016,Strategy
Dead Cells: The Rogue-Lite Board Game,G145,1,4,45,45,2024,Strategy
Dead of Winter: A Crossroads Game,G146,2,5,120,60,2014,Strategy
Dead of Winter: The Long Night,G147,2,5,120,60,2016,Party
Deadwood,G148,2,5,60,30,2011,Party
Deception: Murder in Hong Kong,G149,4,12,20,20,2014,Party
Decrypto,G150,3,8,45,15,2018,Party
Defenders of the Realm,G151,1,4,90,90,2010,Cooperative
Demon Worker,G152,3,4,45,45,2016,Strategy
Deus,G153,2,4,90,60,2014,Strategy
Diabolo,G154,3,5,30,30,2006,Abstract
Diamant,G155,3,8,40,20,2005,Party
Dice Forge,G156,2,4,45,45,2017,Strategy
Dice Manor,G157,2,4,45,30,2023,Family
Dice Town,G158,2,5,45,45,2009,Strategy
Discoveries: The Journals of Lewis & Clark,G159,2,4,60,60,2015,Strategy
Discworld: Ankh-Morpork,G160,2,4,60,60,2011,Party
Dive! Diver! Die!,G161,3,5,45,45,2010,Party
Dixit,G162,3,6,30,30,2008,Party
Dixit: Odyssey,G163,3,12,30,30,2011,Party
Dog Lover,G164,2,4,30,30,2021,Family
Dominion,G165,2,4,30,30,2008,Deck-Building
Dominion: Intrigue,G166,2,6,30,30,2009,Deck-Building
Don't Mess with Cthulhu Deluxe,G167,4,8,30,1,2018,Party
DONUTS,G168,2,2,15,10,2023,Party
Downforce,G169,2,6,40,20,2017,Strategy
Dr. Eureka,G170,2,4,15,15,2015,Party
Draftosaurus,G171,2,5,15,15,2019,Family
Dragon's Gold,G172,3,6,45,45,2001,Party
Dragonkeepers,G173,2,4,20,20,2023,Family
Drakon,G174,2,6,20,20,2001,Strategy
Dream Home,G175,2,4,30,30,2016,Family
Drop It,G176,2,4,30,30,2018,Party
Drum Roll,G177,2,4,90,90,2011,Party
Dungeon Fighter,G178,1,6,60,45,2011,Cooperative
Dungeon Petz,G179,2,4,90,90,2011,Strategy
Dungeons & Dragons: Rock Paper Wizard,G180,3,6,30,30,2016,Party
Dutch Blitz,G181,2,4,15,1,1960,Party
The Dutch Golden Age,G182,3,4,60,60,2008,Strategy
Earth,G183,1,5,90,45,2023,Strategy
Eclipse: New Dawn for the Galaxy,G184,2,6,180,60,2011,Strategy
Ecos: First Continent,G185,2,6,75,45,2019,Strategy
Elder Sign,G186,1,8,90,90,2011,Cooperative
Eldritch Horror,G187,1,8,240,120,2013,Cooperative
Elfenland,G188,2,6,60,60,1998,Family
Elysium,G189,2,4,60,60,2015,Strategy
Eminent Domain: Microcosm,G190,2,2,15,15,2014,Strategy
Empire Builder,G191,2,6,180,180,1982,Strategy
Empire's End,G192,2,4,60,45,2023,Strategy
Endeavor: Age of Sail,G193,2,5,90,60,2018,Strategy
Entropy,G194,2,6,15,15,2015,Strategy
Eruption,G195,2,6,60,30,2011,Party
Escape from the Aliens in Outer Space,G196,2,8,45,20,2010,Party
Escape Room: The Game,G197,3,5,60,60,2016,Cooperative
Ethnos,G198,2,6,60,45,2017,Strategy
Eurorails,G199,2,6,240,180,1990,Strategy
Evolution,G200,2,6,60,60,2014,Category
Evolution: Climate,G201,2,6,60,60,2016,Strategy
Expedition Altiplano,G202,2,2,30,30,2006,Strategy
Explorers of Navoria,G203,2,4,80,40,2024,Strategy
Fallout Shelter: The Board Game,G204,2,4,90,60,2020,Strategy
Family Business,G205,2,6,30,30,1982,Strategy
Fantastic Factories,G206,1,5,60,45,2019,Party
Fantasy Realms,G207,2,6,20,20,2017,Strategy
Fidelitas,G208,1,4,30,30,2015,Strategy
First Empires,G209,2,5,60,45,2022,Strategy
First Rat,G210,1,5,75,30,2022,Strategy
Fjords,G211,1,2,30,30,2005,Family
Flamecraft,G212,1,5,60,60,2022,Abstract
Flash Point: Fire Rescue,G213,2,6,45,45,2011,Family
Fleet,G214,2,4,45,30,2012,Cooperative
Flip 7,G215,3,18,20,20,2024,Strategy
For Sale,G216,3,6,30,30,1997,Party
Forbidden Desert,G217,2,5,45,45,2013,Strategy
Forbidden Island,G218,2,4,30,30,2010,Cooperative
Forest Shuffle,G219,2,5,60,40,2023,Cooperative
Formula De,G220,2,10,120,120,1997,Strategy
Fortuna,G221,2,4,60,60,2011,Strategy
Fortune and Glory: The Cliffhanger Game,G222,1,8,240,90,2011,Strategy
The Fox Experiment,G223,1,4,60,60,2023,Party
Fractured Sky,G224,1,5,75,45,2024,Adventure
Friday,G225,1,1,25,25,2011,Strategy
Fromage,G226,1,4,45,30,2024,Strategy
Funfair,G227,2,4,60,30,2021,Cooperative
Fury of Dracula (Third/Fourth Edition),G228,2,5,180,120,2015,Strategy
FUSE,G229,1,5,10,10,2015,Family
The Game,G230,1,5,20,20,2015,Strategy
Game of Thrones: The Iron Throne,G231,3,5,60,30,2016,Strategy
Gauner raus!,G232,2,4,60,30,2016,Strategy
Geek Out!,G233,2,99,30,30,2013,Party
Get Bit!,G234,2,7,20,10,2007,Party
Get on Board: New York & London,G235,2,5,30,30,2022,Party
Ghost Blitz,G236,2,8,20,20,2010,Party
Ghost Stories,G237,1,4,60,60,2008,Strategy
Ghosts Love Candy Too,G238,2,6,45,20,2022,Party
Give Me the Brain!,G239,3,8,15,15,1996,Party
Gizmos,G240,2,4,50,40,2018,Family
Glass Road,G241,1,4,80,20,2013,Party
Gloom,G242,2,5,60,60,2005,Cooperative
The Gnomes of Zavandor,G243,2,4,90,60,2011,Party
Going Postal,G244,3,6,15,10,2019,Party
"Going, Going, GONE!",G245,2,6,20,20,2013,Strategy
Good Cop Bad Cop,G246,4,8,20,10,2014,Strategy
Grand Austria Hotel,G247,2,4,120,60,2015,Party
The Grand Carnival,G248,1,4,60,45,2020,Strategy
El Grande: Decennial Edition,G249,2,5,90,90,2006,Strategy
The Great Split,G250,2,7,45,45,2022,Party
The Grizzled,G251,2,5,30,30,2015,Party
The Guild of Merchant Explorers,G252,1,4,45,45,2022,Strategy
Guildhall,G253,2,4,45,30,2012,Strategy
Guillotine,G254,2,5,30,30,1998,Party
Habitats,G255,1,5,50,30,2016,Strategy
Hail Hydra,G256,5,8,75,40,2018,Party
Halli Galli,G257,2,6,10,10,1990,Party
Halloween Party,G258,3,6,20,20,2004,Party
Hanabi,G259,2,5,25,25,2010,Cooperative
Hanamikoji,G260,2,2,15,15,2013,Strategy
Hansa Teutonica: Big Box,G261,3,5,90,45,2020,Strategy
Happy Salmon,G262,3,8,2,2,2016,Party
Harbour,G263,1,4,60,30,2015,Strategy
Hardback,G264,1,5,90,45,2018,Strategy
Le Havre,G265,1,5,150,30,2008,Strategy
Heat: Pedal to the Metal,G266,1,6,60,30,2022,Strategy
Herd Mentality,G267,4,20,30,20,2020,Party
Here to Slay,G268,2,6,60,30,2020,Party
"Hey, That's My Fish!",G269,2,4,20,20,2003,Family
High Society,G270,3,5,30,15,1995,Strategy
Hoity Toity,G271,2,5,45,45,1990,Party
Horrified,G272,1,5,60,60,2019,Cooperative
I'm the Boss!,G273,3,6,60,60,1994,Party
ICECOOL,G274,2,4,30,30,2016,Party
Ideology: The War of Ideas,G275,2,5,90,90,2003,Party
Imaginiff,G276,3,8,30,30,1998,Strategy
Imhotep,G277,2,4,40,40,2016,Party
Imhotep: The Duel,G278,2,2,30,30,2018,Strategy
Imperial Settlers,G279,1,4,90,45,2014,Strategy
The Impregnable Fortress,G280,2,2,60,30,2017,Strategy
Ingenious,G281,1,4,45,30,2004,Strategy
Ingenious,G282,1,4,45,30,2004,Abstract
Innovation,G283,2,5,60,20,2010,Abstract
Intrigue,G284,3,5,45,45,1994,Strategy
La Isla,G285,2,4,60,30,2014,Strategy
Isle of Skye: From Chieftain to King,G286,2,5,50,30,2015,Strategy
Islebound,G287,2,4,120,60,2016,Strategy
Istanbul,G288,2,5,60,40,2014,Strategy
Istanbul: The Dice Game,G289,2,4,40,20,2017,Strategy
Jaipur,G290,2,2,30,30,2009,Strategy
Jamaica,G291,2,6,60,30,2007,Strategy
Jump Drive,G292,2,4,30,10,2017,Strategy
Jungle Speed,G293,2,10,10,10,1997,Strategy
Jurassic Jumble,G294,3,9,10,10,2004,Strategy
Just One,G295,3,7,60,20,2018,Strategy
Kanagawa,G296,2,4,45,45,2016,Strategy
Karuba,G297,2,4,40,30,2015,Family
Keyflower,G298,2,6,120,90,2012,Strategy
Kill Doctor Lucky,G299,3,8,45,45,1996,Strategy
King of Tokyo,G300,2,6,30,30,2011,Party
The King's Guild,G301,1,6,120,60,2018,Party
Kingdomino,G302,2,4,25,15,2016,Party
Kitchen Rush,G303,1,4,45,30,2017,Cooperative
Kites,G304,2,6,10,10,2022,Strategy
Knarr,G305,2,4,30,30,2023,Family
Kodama: The Tree Spirits,G306,2,5,30,30,2016,Strategy
Ladies & Gentlemen,G307,4,10,30,30,2013,Party
Lady Alice,G308,3,5,30,30,2012,Party
Lanterns: The Harvest Festival,G309,2,4,30,30,2015,Strategy
Las Vegas,G310,2,5,30,30,2012,Family
Last Will,G311,2,5,75,45,2011,Party
Lawless Empire,G312,3,5,120,90,2016,Strategy
Legacy: Gears of Time,G313,2,4,60,60,2012,Strategy
Legacy: The Testament of Duke de Crecy,G314,1,4,60,60,2013,Strategy
Legend of Vyas,G315,2,2,0,0,2015,Strategy
Legendary: A Marvel Deck Building Game,G316,1,5,60,30,2012,Strategy
Let's Kill!,G317,2,6,20,20,1997,Deck-Building
Letters from Whitechapel,G318,2,6,90,90,2011,Party
Level 7 [Omega Protocol],G319,2,6,90,60,2013,Strategy
Lewis & Clark: The Expedition,G320,1,5,120,120,2013,Strategy
Libertalia,G321,2,6,60,40,2012,Strategy
Lift it!,G322,1,8,30,30,2012,Strategy
Light Speed: Arena,G323,1,4,15,5,2025,Party
Link City,G324,2,6,30,30,2024,Strategy
Livingstone,G325,2,5,35,35,2009,Party
Lonpos 4D Puzzle Game,G326,1,2,5,5,2000,Strategy
Loot,G327,2,8,20,20,1992,Abstract
Lord of the Rings,G328,2,5,20,20,2003,Party
The Lord of the Rings: The Card Game,G329,1,2,60,30,2011,Strategy
Lords of Scotland,G330,2,5,35,35,2010,Strategy
Lords of Xidit,G331,3,5,90,90,2014,Strategy
Lost Cities,G332,2,2,30,30,1999,Strategy
Lost Legends,G333,3,5,70,70,2013,Strategy
Lost Ruins of Arnak,G334,1,4,120,30,2020,Strategy
Love Letter,G335,2,4,20,20,2012,Party
Magic Maze,G336,1,8,15,15,2017,Cooperative
Majesty: For the Realm,G337,2,4,30,20,2017,Strategy
The Manhattan Project,G338,2,5,120,120,2012,Strategy
The Manhattan Project: Energy Empire,G339,1,5,120,60,2016,Strategy
Mansions of Madness,G340,2,5,180,120,2011,Strategy
Mansions of Madness: Second Edition,G341,1,5,180,120,2016,Cooperative
Martian Dice,G342,2,99,10,10,2011,Cooperative
Mascarade,G343,2,13,30,30,2013,Party
Master of Orion: The Board Game,G344,2,4,60,40,2016,Party
Master of Respect,G345,3,5,60,60,2016,Strategy
Mastermind,G346,2,2,20,20,1971,Party
Mechs vs. Minions,G347,2,4,120,60,2016,Abstract
Medieval Academy,G348,2,5,30,30,2014,Cooperative
Medieval Merchant,G349,2,6,90,60,1998,Strategy
Medina (Second Edition),G350,2,4,60,60,2014,Strategy
Medium,G351,2,8,45,30,2019,Strategy
Meeple War,G352,2,4,60,30,2016,Strategy
Merkator,G353,1,4,90,45,2010,Strategy
MicroMacro: Crime City,G354,1,4,45,15,2020,Cooperative
The Mines of Zavandor,G355,2,4,90,45,2010,Strategy
Mission: Red Planet,G356,3,5,60,60,2005,Strategy
Monopoly Deal Card Game,G357,2,5,15,15,2008,Party
Monster Café,G358,2,4,20,20,2013,Family
Morels,G359,2,2,30,30,2012,Strategy
Mr. Jack,G360,2,2,30,30,2006,Strategy
Munchkin Dungeon,G361,2,5,90,60,2020,Strategy
Mysterium,G362,2,7,42,42,2015,Cooperative
Mysterium Park,G363,2,6,45,30,2020,Cooperative
Mystic Market,G364,2,4,45,30,2019,Strategy
Mystic Vale,G365,2,4,45,45,2016,Strategy
Nations,G366,1,5,200,40,2013,Deck-Building
Nations: The Dice Game,G367,1,4,40,20,2014,Strategy
Near and Far,G368,2,4,120,90,2017,Strategy
New Haven,G369,2,4,60,60,2013,Strategy
New York 1901,G370,2,4,60,30,2015,Strategy
New York Slice,G371,2,6,30,30,2017,Party
Nidavellir,G372,2,5,45,45,2020,Strategy
The Night Cage,G373,1,5,60,40,2021,Cooperative
Night of the Ninja,G374,4,11,30,15,2021,Party
Nimalia,G375,2,4,30,25,2023,Strategy
No Thanks!,G376,3,7,20,20,2004,Party
No Thanks!,G377,3,7,20,20,2004,Party
Nobody but Us Chickens,G378,3,6,20,20,2003,Party
Not Alone,G379,2,7,45,30,2016,Strategy
Notre Dame,G380,2,5,75,45,2007,Party
Nuns on the Run,G381,2,8,60,45,2010,Strategy
Oceanos,G382,2,5,45,30,2016,Party
OddVille,G383,2,4,60,30,2012,Strategy
Oh My Goods!,G384,2,4,30,30,2015,Party
Old Maid,G385,2,6,5,5,1874,Party
On Tour: Paris and New York,G386,1,8,30,20,2022,Party
Once Upon a Time: The Storytelling Card Game,G387,2,6,30,30,1993,Abstract
One Night Revolution,G388,3,10,15,15,2015,Strategy
One Night Ultimate Werewolf,G389,3,10,10,10,2014,Strategy
Onitama,G390,2,2,20,15,2014,Strategy
Orleans,G391,2,5,90,90,2014,Strategy
Outlive,G392,2,4,110,40,2017,Cooperative
Packet Row,G393,2,5,75,45,2013,Cooperative
Paleo,G394,2,4,60,45,2020,Cooperative
Pandemic,G395,2,4,45,45,2008,Cooperative
Pandemic,G396,2,4,45,45,2008,Strategy
Pandemic: Rapid Response,G397,2,4,20,20,2019,Cooperative
Pandemic: The Cure,G398,2,5,30,30,2014,Cooperative
Parade,G399,2,6,45,45,2007,Strategy
Party Panda Pirates,G400,2,6,45,30,2024,Party
Pasha,G401,2,5,30,30,2013,Strategy
Pass the Bomb,G402,2,10,20,20,1994,Party
Patchwork,G403,2,2,30,15,2014,Abstract
Pathfinder Adventure Card Game: Rise of the Runelords â€“ Base Set,G404,1,4,90,90,2013,Cooperative
Pay Dirt,G405,2,5,90,90,2014,Strategy
Peloponnes,G406,1,5,45,45,2009,Strategy
Perudo,G407,2,10,30,15,1800,Party
Phantom Ink,G408,2,8,15,10,2022,Party
Pick-a-Dog,G409,1,5,15,15,2012,Party
Pick-a-Dog,G410,1,5,15,15,2012,Party
The Pillars of the Earth,G411,2,4,120,90,2006,Strategy
Pioneer Days,G412,2,4,75,45,2017,Strategy
Pit,G413,3,8,90,30,1903,Party
Planted: A Game of Nature & Nurture,G414,2,5,30,20,2022,Family
Pluckin' Pairs,G415,3,8,50,50,2012,Party
Plunder,G416,2,6,45,30,2013,Strategy
Point Salad,G417,2,6,30,15,2019,Party
Police Precinct,G418,1,6,90,90,2013,Strategy
Poo: The Card Game,G419,2,8,15,5,2009,Party
Port Royal,G420,2,5,50,20,2014,Strategy
Power Grid,G421,2,6,120,120,2004,Strategy
The Price Is Right,G422,3,5,60,60,1973,Party
Progress: Evolution of Technology,G423,1,5,90,45,2014,Strategy
Project L,G424,1,4,40,20,2020,Abstract
Project: ELITE,G425,1,4,30,30,2016,Cooperative
Puerto Rico,G426,3,5,150,90,2002,Strategy
Pulsar 2849,G427,2,4,90,60,2017,Strategy
The Pursuit of Happiness,G428,1,4,90,60,2015,Strategy
PUSH,G429,2,6,25,20,2018,Party
QE,G430,3,5,45,45,2019,Strategy
Quacks,G431,2,4,45,45,2018,Strategy
Quadropolis,G432,2,4,60,30,2016,Strategy
The Quest for El Dorado,G433,2,4,60,30,2017,Strategy
Qwirkle,G434,2,4,45,45,2006,Abstract
Raccoon Tycoon: Deluxe Edition,G435,2,6,120,30,2021,Strategy
Race for the Galaxy,G436,2,4,60,30,2007,Strategy
Race to Adventure: The Spirit of the Century Exploration Game,G437,2,5,20,20,2013,Strategy
Raiders of the North Sea,G438,2,4,80,60,2015,Strategy
Railroad Revolution,G439,2,4,90,45,2016,Strategy
Rat-a-Tat Cat,G440,2,6,10,10,1995,Strategy
Rat-a-Tat Cat,G441,2,6,10,10,1995,Strategy
Rat-a-Tat Cat,G442,2,6,10,10,1995,Strategy
RattleSnake,G443,2,4,15,15,2007,Strategy
Ready Set Bet,G444,2,9,60,45,2022,Strategy
The Reckoners,G445,1,6,100,60,2018,Strategy
Red7,G446,2,4,30,5,2014,Strategy
Reef,G447,2,4,45,30,2018,Strategy
Relic Runners,G448,2,5,80,40,2013,Strategy
Rent a Hero,G449,3,5,30,20,2012,Family
Res Arcana,G450,2,4,60,30,2019,Family
The Resistance,G451,5,10,30,30,2009,Family
The Resistance,G452,5,10,30,30,2009,Party
The Resistance: Avalon,G453,5,10,30,30,2012,Party
Revolution!,G454,3,4,60,60,2009,Strategy
Ricochet Robots,G455,1,99,30,30,1999,Party
Riftforce,G456,2,2,30,20,2021,Abstract
Rise,G457,2,4,60,60,2022,Strategy
Rise of Augustus,G458,2,6,30,30,2013,Strategy
Rising 5: Runes of Asteros,G459,1,5,30,30,2017,Cooperative
Risk,G460,2,6,120,120,1959,Strategy
Risk 2210 A.D.,G461,2,5,240,240,2001,Strategy
Risk: Star Wars Edition,G462,2,4,45,30,2015,Strategy
River of Gold,G463,2,4,90,60,2024,Strategy
River Valley Glassworks,G464,1,5,45,25,2024,Family
Robinson Crusoe: Adventures on the Cursed Island,G465,1,4,120,60,2012,Cooperative
RoboRally,G466,2,8,120,45,1994,Party
Rococo,G467,2,5,120,60,2013,Strategy
Roll for the Galaxy,G468,2,5,45,45,2014,Strategy
Roll Player,G469,1,4,90,60,2016,Strategy
Roll Through the Ages: The Bronze Age,G470,1,4,45,30,2008,Strategy
Room 25,G471,1,6,30,30,2013,Party
Royals,G472,2,5,60,60,2014,Strategy
Rummikub,G473,2,4,60,60,1977,Family
"Run, Fight, or Die!",G474,1,4,40,40,2014,Party
Russian Railroads,G475,2,4,120,120,2013,Strategy
Saboteur,G476,3,10,30,30,2004,Party
Saboteur,G477,3,10,30,30,2004,Party
Sail to India,G478,3,4,60,60,2013,Strategy
Saint Malo,G479,2,5,45,45,2012,Family
Saint Petersburg,G480,2,4,60,45,2004,Strategy
Samurai,G481,2,4,60,30,1998,Abstract
San Juan,G482,2,4,60,45,2004,Strategy
Sanssouci,G483,2,4,45,30,2013,Strategy
Santa Maria,G484,1,4,90,45,2017,Strategy
Santo Domingo,G485,2,6,30,20,2017,Strategy
Santorini,G486,2,4,20,20,2016,Abstract
Say Anything,G487,3,8,30,30,2008,Party
Say Anything Family Edition,G488,3,6,30,30,2011,Party
Scotland Yard: Hunting Mister X,G489,2,4,15,15,2019,Party
Scythe,G490,1,5,115,115,2016,Strategy
Sea Salt & Paper,G491,2,4,45,30,2022,Party
Seasons,G492,2,4,60,60,2012,Strategy
Secret Hitler,G493,5,10,45,45,2016,Party
Sentinels of the Multiverse,G494,2,5,60,30,2011,Cooperative
Sequence,G495,2,12,30,10,1982,Family
The Settlers of Catan,G496,3,6,75,60,2008,Strategy
Seven Dragons,G497,2,5,30,10,2011,Family
Shadow Hunters,G498,4,8,60,60,2005,Party
Shadowrift,G499,1,6,120,45,2012,Strategy
Shadowrun: Crossfire,G500,1,4,60,30,2014,Cooperative
Shadows over Camelot,G501,3,7,90,60,2005,Cooperative
Sherlock Holmes Consulting Detective: The Thames Murders & Other Cases,G502,1,8,120,60,1981,Cooperative
The Shipwreck Arcana,G503,2,5,30,10,2017,Strategy
Shogun,G504,3,5,120,90,2006,Strategy
Signorie,G505,2,4,120,60,2015,Strategy
Similo,G506,2,8,15,10,2019,Party
Skull,G507,3,6,45,15,2011,Party
Sleeping Queens,G508,2,5,20,20,2005,Family
Small World,G509,2,5,80,40,2009,Strategy
Small World Underground,G510,2,5,90,30,2011,Strategy
Smash Up,G511,2,4,45,45,2012,Strategy
Snake Oil: Elixir,G512,3,8,30,30,2015,Party
Sneaks & Snitches,G513,2,5,20,20,2010,Party
Snorta!,G514,3,8,20,20,2004,Party
So Clover!,G515,3,6,30,30,2021,Party
Sonora,G516,1,4,45,30,2020,Party
Space Base,G517,2,5,60,60,2018,Abstract
Specter Ops,G518,2,5,120,60,2015,Strategy
Spirit Island,G519,1,4,120,90,2017,Strategy
Spit It Out!,G520,3,8,30,20,2015,Cooperative
Splendor,G521,2,4,30,30,2014,Party
Splendor Duel,G522,2,2,30,30,2022,Strategy
Spots,G523,1,4,30,25,2022,Strategy
Squint,G524,3,8,30,30,2002,Party
Star Realms,G525,2,2,20,20,2014,Party
Star Wars: Outer Rim,G526,1,4,180,120,2019,Deck-Building
Steam Time,G527,2,4,90,90,2015,Strategy
Steampunk Rally,G528,2,8,60,45,2015,Strategy
Stockpile,G529,2,5,45,45,2015,Strategy
Stone Age,G530,2,4,90,60,2008,Strategy
Strike,G531,2,5,15,15,2012,Strategy
Suburbia,G532,1,4,90,60,2012,Party
Survive: Escape from Atlantis!,G533,2,4,60,45,1982,Strategy
Sushi Go!,G534,2,5,15,15,2013,Strategy
Sushi Roll,G535,2,5,20,20,2019,Party
Sushi Roll!,G536,3,8,10,10,2009,Family
T.I.M.E Stories,G537,2,4,90,90,2015,Strategy
Taboo,G538,4,10,20,20,1989,Family
Tac Tac Jack,G539,2,7,10,10,2008,Family
Take 5,G540,2,10,45,45,1994,Family
Takenoko,G541,2,4,45,45,2011,Cooperative
Tales & Games: The Hare & the Tortoise,G542,2,5,20,15,2011,Party
Tapple,G543,2,10,30,30,2012,Party
Targi,G544,2,2,60,60,2012,Party
Telestrations,G545,4,8,30,30,2009,Abstract
Tenpenny Parks,G546,1,4,75,45,2022,Strategy
Teotihuacan: City of Gods,G547,1,4,120,90,2018,Family
Terror Below,G548,1,5,60,45,2019,Party
Terror in Meeple City,G549,2,4,30,30,2013,Strategy
Terrorscape,G550,2,4,45,30,2023,Party
This Game Is Killer: Alien on Board,G551,3,10,15,10,2024,Strategy
Those Pesky Humans!,G552,2,4,90,90,2009,Strategy
Three Kingdoms Redux,G553,3,3,165,135,2014,Strategy
Thunderstone Advance: Towers of Ruin,G554,1,5,45,45,2012,Strategy
Thurn and Taxis,G555,2,4,60,60,2006,Party
Ticket to Ride,G556,2,5,60,30,2004,Strategy
Ticket to Ride: Europe,G557,2,5,60,30,2005,Party
Tides of Time,G558,2,2,20,20,2015,Strategy
Tiefe Taschen,G559,4,8,50,20,2016,Strategy
Tigris & Euphrates,G560,2,4,120,60,1997,Strategy
Tiki Topple,G561,2,4,20,20,2008,Party
Time's Up!,G562,4,18,90,90,1999,Party
Time's Up! Title Recall!,G563,4,18,60,60,2008,Party
Timeline: Events,G564,2,8,15,15,2011,Family
Timeline: Inventions,G565,2,8,15,15,2010,Family
Timeline: Music & Cinema,G566,2,8,15,15,2013,Family
Timeline: Science & Discoveries,G567,2,8,15,15,2011,Family
Tiny Epic Defenders,G568,1,4,30,30,2015,Cooperative
Tiny Epic Galaxies,G569,1,5,45,30,2015,Strategy
Tobago,G570,2,4,60,60,2009,Strategy
Tofu Kingdom,G571,3,8,30,10,2015,Family
Tokaido,G572,1,5,45,45,2012,Family
Torres,G573,2,4,60,60,1999,Strategy
Tournay,G574,2,4,60,30,2011,Strategy
Trekking Through History,G575,1,4,60,30,2022,Strategy
Tribes: Dawn of Humanity,G576,2,4,45,45,2018,Strategy
Trio,G577,3,6,15,15,2021,Strategy
Truffle Shuffle,G578,2,4,30,15,2020,Party
Tumult Royale,G579,2,4,40,40,2015,Party
Tutankhamun,G580,2,6,30,30,2021,Party
Twister,G581,2,4,10,10,1966,Strategy
Uglydoll Card Game,G582,2,6,15,15,2006,Party
Ultimate Werewolf: Deluxe Edition,G583,5,75,30,30,2014,Party
Undermining,G584,2,5,45,45,2011,Party
Unlock!: Exotic Adventures,G585,1,6,90,60,2018,Strategy
Unlock!: Extraordinary Adventures,G586,1,6,90,60,2022,Cooperative
Unlock!: Game Adventures,G587,1,6,60,30,2021,Cooperative
Unlock!: Heroic Adventures,G588,1,6,60,60,2018,Cooperative
Unlock!: Legendary Adventures,G589,1,6,60,60,2021,Cooperative
Unlock!: Secret Adventures,G590,1,6,60,60,2017,Cooperative
UNO Stacko,G591,2,10,20,20,1994,Cooperative
Unusual Suspects,G592,3,16,20,20,2015,Party
The Vale of Eternity,G593,2,4,45,30,2023,Party
Vault Wars,G594,3,5,60,45,2015,Strategy
Il Vecchio,G595,2,4,60,60,2012,Strategy
Via Nebula,G596,2,4,60,45,2016,Strategy
Viceroy,G597,1,4,60,45,2014,Strategy
Village Pillage,G598,2,5,20,20,2019,Strategy
Vindication,G599,2,5,150,45,2018,Party
Viticulture,G600,2,6,90,90,2013,Strategy
VivaJava: The Coffee Game: The Dice Game,G601,1,4,40,20,2014,Strategy
The Voyages of Marco Polo,G602,2,4,100,40,2015,Strategy
Warsaw: City of Ruins,G603,2,4,60,60,2016,Strategy
Wasteland Express Delivery Service,G604,2,5,120,90,2017,Strategy
Welcome to the Dungeon,G605,2,4,30,30,2013,Party
Werewords,G606,4,10,10,10,2017,Party
Wheel of Fortune,G607,2,4,60,60,1975,Party
Whitehall Mystery,G608,2,4,60,45,2017,Strategy
Wild Space,G609,1,5,40,15,2020,Strategy
Wingspan,G610,1,5,70,40,2019,Strategy
WINK,G611,3,8,20,20,1994,Party
Wits & Wagers,G612,3,7,25,25,2005,Party
Wok and Roll,G613,1,5,45,30,2020,Family
Word Slam,G614,3,99,45,45,2016,Party
Word Slam,G615,3,99,45,45,2016,Party
World of Yo-Ho,G616,2,4,90,45,2016,Strategy
World Wonders,G617,1,5,70,50,2023,Strategy
World's Fair 1893,G618,2,4,45,35,2016,Strategy
Wreck Raiders,G619,1,5,45,45,2019,Strategy
Wreckage,G620,2,4,45,45,2003,Strategy
XenoShyft: Onslaught,G621,1,4,60,30,2015,Cooperative
Yamatai,G622,2,4,80,40,2017,Strategy
Yardmaster,G623,2,5,20,20,2014,Strategy
Yedo,G624,2,5,180,120,2012,Strategy
You Robot,G625,4,10,20,20,2009,Party
Zendo,G626,2,6,60,15,2001,Abstract
Zeus on the Loose,G627,2,5,15,15,2006,Party
Zombie Fluxx,G628,2,6,40,10,2007,Card Game
Zooloretto,G629,2,5,45,45,2007,Strategy
Munchkins,G630,2,6,120,40,2018,Strategy
Test Cat,G631,2,6,30,15,2026,Adventure
Test,111,1,2,2,1,2020,test
